{"cameraMode":{"drawMode":0,"name":"Shaded","section":"Shading Mode"},"sceneLighting":true,"audioPlay":false,"sceneViewState":{"m_AlwaysRefresh":false,"showFog":true,"showSkybox":true,"showFlares":true,"showImageEffects":true,"showParticleSystems":true,"showVisualEffectGraphs":true,"m_FxEnabled":true},"in2DMode":false,"pivot":{"x":3.7615933418273927,"y":10.771745681762696,"z":-11.020702362060547},"rotation":{"x":-0.4003865718841553,"y":0.12094349414110184,"z":-0.05340336263179779,"w":-0.9067639708518982},"size":4.466025352478027,"orthographic":false}